pieza,numero,talla,tipo_linea,indice,x_cm,y_cm
DELANTERO (cocoon),1,S,costura,0,-1.7000,9.4000
DELANTERO (cocoon),1,S,costura,1,0.0000,9.4000
DELANTERO (cocoon),1,S,costura,2,0.2461,9.1835
DELANTERO (cocoon),1,S,costura,3,0.4911,8.9661
DELANTERO (cocoon),1,S,costura,4,0.7338,8.7468
DELANTERO (cocoon),1,S,costura,5,0.9730,8.5248
DELANTERO (cocoon),1,S,costura,6,1.2077,8.2991
DELANTERO (cocoon),1,S,costura,7,1.4365,8.0688
DELANTERO (cocoon),1,S,costura,8,1.6585,7.8329
DELANTERO (cocoon),1,S,costura,9,1.8724,7.5907
DELANTERO (cocoon),1,S,costura,10,2.0772,7.3412
DELANTERO (cocoon),1,S,costura,11,2.2732,7.0846
DELANTERO (cocoon),1,S,costura,12,2.4613,6.8218
DELANTERO (cocoon),1,S,costura,13,2.6426,6.5534
DELANTERO (cocoon),1,S,costura,14,2.8179,6.2802
DELANTERO (cocoon),1,S,costura,15,2.9884,6.0031
DELANTERO (cocoon),1,S,costura,16,3.1549,5.7227
DELANTERO (cocoon),1,S,costura,17,3.3185,5.4399
DELANTERO (cocoon),1,S,costura,18,3.4801,5.1554
DELANTERO (cocoon),1,S,costura,19,3.6408,4.8700
DELANTERO (cocoon),1,S,costura,20,3.8014,4.5845
DELANTERO (cocoon),1,S,costura,21,3.9631,4.2995
DELANTERO (cocoon),1,S,costura,22,4.1267,4.0160
DELANTERO (cocoon),1,S,costura,23,4.2932,3.7346
DELANTERO (cocoon),1,S,costura,24,4.4635,3.4560
DELANTERO (cocoon),1,S,costura,25,4.6372,3.1800
DELANTERO (cocoon),1,S,costura,26,4.8143,2.9064
DELANTERO (cocoon),1,S,costura,27,4.9943,2.6351
DELANTERO (cocoon),1,S,costura,28,5.1771,2.3658
DELANTERO (cocoon),1,S,costura,29,5.3624,2.0983
DELANTERO (cocoon),1,S,costura,30,5.5498,1.8325
DELANTERO (cocoon),1,S,costura,31,5.7391,1.5680
DELANTERO (cocoon),1,S,costura,32,5.9301,1.3048
DELANTERO (cocoon),1,S,costura,33,6.1224,1.0427
DELANTERO (cocoon),1,S,costura,34,6.3159,0.7813
DELANTERO (cocoon),1,S,costura,35,6.5101,0.5205
DELANTERO (cocoon),1,S,costura,36,6.7049,0.2602
DELANTERO (cocoon),1,S,costura,37,6.9000,0.0000
DELANTERO (cocoon),1,S,costura,38,18.3564,5.0000
DELANTERO (cocoon),1,S,costura,39,18.1496,5.5623
DELANTERO (cocoon),1,S,costura,40,17.9458,6.1239
DELANTERO (cocoon),1,S,costura,41,17.7481,6.6841
DELANTERO (cocoon),1,S,costura,42,17.5595,7.2424
DELANTERO (cocoon),1,S,costura,43,17.3831,7.7980
DELANTERO (cocoon),1,S,costura,44,17.2220,8.3502
DELANTERO (cocoon),1,S,costura,45,17.0791,8.8984
DELANTERO (cocoon),1,S,costura,46,16.9575,9.4419
DELANTERO (cocoon),1,S,costura,47,16.8602,9.9801
DELANTERO (cocoon),1,S,costura,48,16.7904,10.5123
DELANTERO (cocoon),1,S,costura,49,16.7510,11.0378
DELANTERO (cocoon),1,S,costura,50,16.7452,11.5559
DELANTERO (cocoon),1,S,costura,51,16.7758,12.0660
DELANTERO (cocoon),1,S,costura,52,16.8461,12.5674
DELANTERO (cocoon),1,S,costura,53,16.9589,13.0594
DELANTERO (cocoon),1,S,costura,54,17.1170,13.5414
DELANTERO (cocoon),1,S,costura,55,17.3184,14.0138
DELANTERO (cocoon),1,S,costura,56,17.5587,14.4771
DELANTERO (cocoon),1,S,costura,57,17.8334,14.9320
DELANTERO (cocoon),1,S,costura,58,18.1380,15.3792
DELANTERO (cocoon),1,S,costura,59,18.4680,15.8194
DELANTERO (cocoon),1,S,costura,60,18.8190,16.2534
DELANTERO (cocoon),1,S,costura,61,19.1863,16.6817
DELANTERO (cocoon),1,S,costura,62,19.5657,17.1050
DELANTERO (cocoon),1,S,costura,63,19.9525,17.5241
DELANTERO (cocoon),1,S,costura,64,20.3422,17.9397
DELANTERO (cocoon),1,S,costura,65,20.7305,18.3524
DELANTERO (cocoon),1,S,costura,66,21.1130,18.7628
DELANTERO (cocoon),1,S,costura,67,21.4888,19.1714
DELANTERO (cocoon),1,S,costura,68,21.8586,19.5785
DELANTERO (cocoon),1,S,costura,69,22.2233,19.9842
DELANTERO (cocoon),1,S,costura,70,22.5837,20.3887
DELANTERO (cocoon),1,S,costura,71,22.9408,20.7923
DELANTERO (cocoon),1,S,costura,72,23.2953,21.1953
DELANTERO (cocoon),1,S,costura,73,23.6481,21.5977
DELANTERO (cocoon),1,S,costura,74,24.0000,22.0000
DELANTERO (cocoon),1,S,costura,75,16.0000,68.0000
DELANTERO (cocoon),1,S,costura,76,-1.7000,68.0000
DELANTERO (cocoon),1,S,corte,0,-2.7000,69.0000
DELANTERO (cocoon),1,S,corte,1,16.8411,69.0000
DELANTERO (cocoon),1,S,corte,2,25.0670,21.7009
DELANTERO (cocoon),1,S,corte,3,24.4001,20.9386
DELANTERO (cocoon),1,S,corte,4,24.0467,20.5354
DELANTERO (cocoon),1,S,corte,5,23.6907,20.1308
DELANTERO (cocoon),1,S,corte,6,23.3316,19.7248
DELANTERO (cocoon),1,S,corte,7,22.9684,19.3173
DELANTERO (cocoon),1,S,corte,8,22.6005,18.9080
DELANTERO (cocoon),1,S,corte,9,22.2269,18.4968
DELANTERO (cocoon),1,S,corte,10,21.8468,18.0835
DELANTERO (cocoon),1,S,corte,11,21.4604,17.6688
DELANTERO (cocoon),1,S,corte,12,21.0711,17.2550
DELANTERO (cocoon),1,S,corte,13,20.6846,16.8430
DELANTERO (cocoon),1,S,corte,14,20.3055,16.4322
DELANTERO (cocoon),1,S,corte,15,19.9383,16.0224
DELANTERO (cocoon),1,S,corte,16,19.5874,15.6133
DELANTERO (cocoon),1,S,corte,17,19.2571,15.2049
DELANTERO (cocoon),1,S,corte,18,18.9518,14.7975
DELANTERO (cocoon),1,S,corte,19,18.6753,14.3917
DELANTERO (cocoon),1,S,corte,20,18.4315,13.9879
DELANTERO (cocoon),1,S,corte,21,18.2235,13.5868
DELANTERO (cocoon),1,S,corte,22,18.0538,13.1889
DELANTERO (cocoon),1,S,corte,23,17.9234,12.7912
DELANTERO (cocoon),1,S,corte,24,17.8304,12.3859
DELANTERO (cocoon),1,S,corte,25,17.7716,11.9664
DELANTERO (cocoon),1,S,corte,26,17.7455,11.5315
DELANTERO (cocoon),1,S,corte,27,17.7506,11.0808
DELANTERO (cocoon),1,S,corte,28,17.7855,10.6148
DELANTERO (cocoon),1,S,corte,29,17.8486,10.1342
DELANTERO (cocoon),1,S,corte,30,17.9379,9.6401
DELANTERO (cocoon),1,S,corte,31,18.0511,9.1337
DELANTERO (cocoon),1,S,corte,32,18.1860,8.6164
DELANTERO (cocoon),1,S,corte,33,18.3398,8.0894
DELANTERO (cocoon),1,S,corte,34,18.5099,7.5537
DELANTERO (cocoon),1,S,corte,35,18.6933,7.0105
DELANTERO (cocoon),1,S,corte,36,18.8873,6.4608
DELANTERO (cocoon),1,S,corte,37,19.0889,5.9055
DELANTERO (cocoon),1,S,corte,38,19.6204,4.4605
DELANTERO (cocoon),1,S,corte,39,6.5747,-1.2331
DELANTERO (cocoon),1,S,corte,40,5.9045,-0.3393
DELANTERO (cocoon),1,S,corte,41,5.7088,-0.0777
DELANTERO (cocoon),1,S,corte,42,5.5130,0.1851
DELANTERO (cocoon),1,S,corte,43,5.3174,0.4495
DELANTERO (cocoon),1,S,corte,44,5.1223,0.7154
DELANTERO (cocoon),1,S,corte,45,4.9279,0.9833
DELANTERO (cocoon),1,S,corte,46,4.7346,1.2533
DELANTERO (cocoon),1,S,corte,47,4.5427,1.5255
DELANTERO (cocoon),1,S,corte,48,4.3524,1.8003
DELANTERO (cocoon),1,S,corte,49,4.1640,2.0778
DELANTERO (cocoon),1,S,corte,50,3.9779,2.3583
DELANTERO (cocoon),1,S,corte,51,3.7943,2.6419
DELANTERO (cocoon),1,S,corte,52,3.6136,2.9289
DELANTERO (cocoon),1,S,corte,53,3.4362,3.2192
DELANTERO (cocoon),1,S,corte,54,3.2633,3.5114
DELANTERO (cocoon),1,S,corte,55,3.0951,3.8029
DELANTERO (cocoon),1,S,corte,56,2.9308,4.0926
DELANTERO (cocoon),1,S,corte,57,2.7693,4.3796
DELANTERO (cocoon),1,S,corte,58,2.6097,4.6632
DELANTERO (cocoon),1,S,corte,59,2.4509,4.9426
DELANTERO (cocoon),1,S,corte,60,2.2922,5.2170
DELANTERO (cocoon),1,S,corte,61,2.1326,5.4858
DELANTERO (cocoon),1,S,corte,62,1.9712,5.7481
DELANTERO (cocoon),1,S,corte,63,1.8073,6.0034
DELANTERO (cocoon),1,S,corte,64,1.6402,6.2508
DELANTERO (cocoon),1,S,corte,65,1.4691,6.4900
DELANTERO (cocoon),1,S,corte,66,1.2932,6.7202
DELANTERO (cocoon),1,S,corte,67,1.1109,6.9423
DELANTERO (cocoon),1,S,corte,68,0.9194,7.1591
DELANTERO (cocoon),1,S,corte,69,0.7177,7.3735
DELANTERO (cocoon),1,S,corte,70,0.5063,7.5862
DELANTERO (cocoon),1,S,corte,71,0.2862,7.7979
DELANTERO (cocoon),1,S,corte,72,0.0584,8.0093
DELANTERO (cocoon),1,S,corte,73,-0.1760,8.2211
DELANTERO (cocoon),1,S,corte,74,-0.3776,8.4000
DELANTERO (cocoon),1,S,corte,75,-2.7000,8.4000
DELANTERO (cocoon),1,S,corte,76,-2.7000,69.0000
ESPALDA (cocoon),2,S,costura,0,0.0000,10.0000
ESPALDA (cocoon),2,S,costura,1,18.2425,10.0000
ESPALDA (cocoon),2,S,costura,2,18.2563,10.3448
ESPALDA (cocoon),2,S,costura,3,18.2979,10.8596
ESPALDA (cocoon),2,S,costura,4,18.3624,11.3701
ESPALDA (cocoon),2,S,costura,5,18.4517,11.8759
ESPALDA (cocoon),2,S,costura,6,18.5675,12.3767
ESPALDA (cocoon),2,S,costura,7,18.7096,12.8724
ESPALDA (cocoon),2,S,costura,8,18.8759,13.3632
ESPALDA (cocoon),2,S,costura,9,19.0642,13.8492
ESPALDA (cocoon),2,S,costura,10,19.2723,14.3307
ESPALDA (cocoon),2,S,costura,11,19.4983,14.8077
ESPALDA (cocoon),2,S,costura,12,19.7397,15.2805
ESPALDA (cocoon),2,S,costura,13,19.9947,15.7492
ESPALDA (cocoon),2,S,costura,14,20.2609,16.2141
ESPALDA (cocoon),2,S,costura,15,20.5362,16.6752
ESPALDA (cocoon),2,S,costura,16,20.8185,17.1328
ESPALDA (cocoon),2,S,costura,17,21.1057,17.5870
ESPALDA (cocoon),2,S,costura,18,21.3956,18.0381
ESPALDA (cocoon),2,S,costura,19,21.6860,18.4861
ESPALDA (cocoon),2,S,costura,20,21.9761,18.9313
ESPALDA (cocoon),2,S,costura,21,22.2659,19.3742
ESPALDA (cocoon),2,S,costura,22,22.5554,19.8150
ESPALDA (cocoon),2,S,costura,23,22.8446,20.2540
ESPALDA (cocoon),2,S,costura,24,23.1336,20.6917
ESPALDA (cocoon),2,S,costura,25,23.4225,21.1284
ESPALDA (cocoon),2,S,costura,26,23.7113,21.5644
ESPALDA (cocoon),2,S,costura,27,24.0000,22.0000
ESPALDA (cocoon),2,S,costura,28,16.0000,68.0000
ESPALDA (cocoon),2,S,costura,29,0.0000,68.0000
ESPALDA (cocoon),2,S,corte,0,25.0534,21.7793
ESPALDA (cocoon),2,S,corte,1,24.5449,21.0120
ESPALDA (cocoon),2,S,corte,2,24.2563,20.5764
ESPALDA (cocoon),2,S,corte,3,23.9678,20.1403
ESPALDA (cocoon),2,S,corte,4,23.6794,19.7035
ESPALDA (cocoon),2,S,corte,5,23.3908,19.2655
ESPALDA (cocoon),2,S,corte,6,23.1022,18.8260
ESPALDA (cocoon),2,S,corte,7,22.8135,18.3846
ESPALDA (cocoon),2,S,corte,8,22.5245,17.9411
ESPALDA (cocoon),2,S,corte,9,22.2357,17.4957
ESPALDA (cocoon),2,S,corte,10,21.9490,17.0495
ESPALDA (cocoon),2,S,corte,11,21.6667,16.6031
ESPALDA (cocoon),2,S,corte,12,21.3911,16.1563
ESPALDA (cocoon),2,S,corte,13,21.1241,15.7092
ESPALDA (cocoon),2,S,corte,14,20.8679,15.2618
ESPALDA (cocoon),2,S,corte,15,20.6244,14.8141
ESPALDA (cocoon),2,S,corte,16,20.3956,14.3662
ESPALDA (cocoon),2,S,corte,17,20.1834,13.9181
ESPALDA (cocoon),2,S,corte,18,19.9897,13.4700
ESPALDA (cocoon),2,S,corte,19,19.8161,13.0220
ESPALDA (cocoon),2,S,corte,20,19.6643,12.5741
ESPALDA (cocoon),2,S,corte,21,19.5359,12.1261
ESPALDA (cocoon),2,S,corte,22,19.4319,11.6762
ESPALDA (cocoon),2,S,corte,23,19.3515,11.2205
ESPALDA (cocoon),2,S,corte,24,19.2928,10.7566
ESPALDA (cocoon),2,S,corte,25,19.2546,10.2846
ESPALDA (cocoon),2,S,corte,26,19.2034,9.0000
ESPALDA (cocoon),2,S,corte,27,0.0000,9.0000
ESPALDA (cocoon),2,S,corte,28,0.0000,69.0000
ESPALDA (cocoon),2,S,corte,29,16.8411,69.0000
ESPALDA (cocoon),2,S,corte,30,25.0534,21.7793
CANESU,3,S,costura,0,0.0000,2.0000
CANESU,3,S,costura,1,0.2525,2.0004
CANESU,3,S,costura,2,0.5048,2.0001
CANESU,3,S,costura,3,0.7571,1.9987
CANESU,3,S,costura,4,1.0090,1.9955
CANESU,3,S,costura,5,1.2607,1.9899
CANESU,3,S,costura,6,1.5120,1.9813
CANESU,3,S,costura,7,1.7628,1.9692
CANESU,3,S,costura,8,2.0131,1.9529
CANESU,3,S,costura,9,2.2628,1.9319
CANESU,3,S,costura,10,2.5117,1.9055
CANESU,3,S,costura,11,2.7599,1.8732
CANESU,3,S,costura,12,3.0072,1.8344
CANESU,3,S,costura,13,3.2536,1.7884
CANESU,3,S,costura,14,3.4989,1.7349
CANESU,3,S,costura,15,3.7429,1.6740
CANESU,3,S,costura,16,3.9853,1.6058
CANESU,3,S,costura,17,4.2258,1.5305
CANESU,3,S,costura,18,4.4642,1.4481
CANESU,3,S,costura,19,4.7001,1.3589
CANESU,3,S,costura,20,4.9333,1.2628
CANESU,3,S,costura,21,5.1636,1.1602
CANESU,3,S,costura,22,5.3906,1.0511
CANESU,3,S,costura,23,5.6141,0.9356
CANESU,3,S,costura,24,5.8339,0.8140
CANESU,3,S,costura,25,6.0502,0.6868
CANESU,3,S,costura,26,6.2636,0.5549
CANESU,3,S,costura,27,6.4747,0.4194
CANESU,3,S,costura,28,6.6841,0.2812
CANESU,3,S,costura,29,6.8924,0.1410
CANESU,3,S,costura,30,7.1000,0.0000
CANESU,3,S,costura,31,18.7619,4.5000
CANESU,3,S,costura,32,18.6778,5.0385
CANESU,3,S,costura,33,18.5957,5.5767
CANESU,3,S,costura,34,18.5173,6.1142
CANESU,3,S,costura,35,18.4447,6.6506
CANESU,3,S,costura,36,18.3797,7.1855
CANESU,3,S,costura,37,18.3242,7.7187
CANESU,3,S,costura,38,18.2801,8.2497
CANESU,3,S,costura,39,18.2494,8.7781
CANESU,3,S,costura,40,18.2339,9.3037
CANESU,3,S,costura,41,18.2356,9.8261
CANESU,3,S,costura,42,18.2425,10.0000
CANESU,3,S,costura,43,0.0000,10.0000
CANESU,3,S,corte,0,19.2355,9.8046
CANESU,3,S,corte,1,19.2339,9.3169
CANESU,3,S,corte,2,19.2485,8.8219
CANESU,3,S,corte,3,19.2777,8.3200
CANESU,3,S,corte,4,19.3199,7.8118
CANESU,3,S,corte,5,19.3734,7.2976
CANESU,3,S,corte,6,19.4366,6.7780
CANESU,3,S,corte,7,19.5076,6.2534
CANESU,3,S,corte,8,19.5847,5.7243
CANESU,3,S,corte,9,19.6661,5.1911
CANESU,3,S,corte,10,19.8743,3.8574
CANESU,3,S,corte,11,6.9714,-1.1215
CANESU,3,S,corte,12,6.3323,-0.6874
CANESU,3,S,corte,13,6.1294,-0.5509
CANESU,3,S,corte,14,5.9291,-0.4186
CANESU,3,S,corte,15,5.7308,-0.2913
CANESU,3,S,corte,16,5.5340,-0.1698
CANESU,3,S,corte,17,5.3382,-0.0546
CANESU,3,S,corte,18,5.1424,0.0538
CANESU,3,S,corte,19,4.9444,0.1560
CANESU,3,S,corte,20,4.7434,0.2527
CANESU,3,S,corte,21,4.5394,0.3436
CANESU,3,S,corte,22,4.3328,0.4286
CANESU,3,S,corte,23,4.1239,0.5077
CANESU,3,S,corte,24,3.9130,0.5805
CANESU,3,S,corte,25,3.7004,0.6471
CANESU,3,S,corte,26,3.4864,0.7073
CANESU,3,S,corte,27,3.2713,0.7610
CANESU,3,S,corte,28,3.0553,0.8081
CANESU,3,S,corte,29,2.8378,0.8487
CANESU,3,S,corte,30,2.6177,0.8833
CANESU,3,S,corte,31,2.3944,0.9124
CANESU,3,S,corte,32,2.1681,0.9363
CANESU,3,S,corte,33,1.9387,0.9557
CANESU,3,S,corte,34,1.7062,0.9708
CANESU,3,S,corte,35,1.4709,0.9822
CANESU,3,S,corte,36,1.2326,0.9903
CANESU,3,S,corte,37,0.9916,0.9956
CANESU,3,S,corte,38,0.7479,0.9987
CANESU,3,S,corte,39,0.5015,1.0001
CANESU,3,S,corte,40,0.2527,1.0004
CANESU,3,S,corte,41,0.0000,1.0000
CANESU,3,S,corte,42,0.0000,11.0000
CANESU,3,S,corte,43,19.2832,11.0000
CANESU,3,S,corte,44,19.2355,9.8046
MANGA,4,S,costura,0,-16.4919,9.9000
MANGA,4,S,costura,1,-16.1597,9.3680
MANGA,4,S,costura,2,-15.8212,8.8414
MANGA,4,S,costura,3,-15.4700,8.3255
MANGA,4,S,costura,4,-15.0998,7.8256
MANGA,4,S,costura,5,-14.7067,7.3452
MANGA,4,S,costura,6,-14.2921,6.8831
MANGA,4,S,costura,7,-13.8579,6.4376
MANGA,4,S,costura,8,-13.4064,6.0070
MANGA,4,S,costura,9,-12.9396,5.5895
MANGA,4,S,costura,10,-12.4596,5.1836
MANGA,4,S,costura,11,-11.9685,4.7873
MANGA,4,S,costura,12,-11.4684,4.3990
MANGA,4,S,costura,13,-10.9614,4.0170
MANGA,4,S,costura,14,-10.4493,3.6400
MANGA,4,S,costura,15,-9.9322,3.2697
MANGA,4,S,costura,16,-9.4096,2.9089
MANGA,4,S,costura,17,-8.8808,2.5602
MANGA,4,S,costura,18,-8.3453,2.2266
MANGA,4,S,costura,19,-7.8024,1.9108
MANGA,4,S,costura,20,-7.2516,1.6155
MANGA,4,S,costura,21,-6.6923,1.3436
MANGA,4,S,costura,22,-6.1239,1.0978
MANGA,4,S,costura,23,-5.5459,0.8810
MANGA,4,S,costura,24,-4.9576,0.6957
MANGA,4,S,costura,25,-4.3595,0.5412
MANGA,4,S,costura,26,-3.7527,0.4137
MANGA,4,S,costura,27,-3.1386,0.3093
MANGA,4,S,costura,28,-2.5183,0.2243
MANGA,4,S,costura,29,-1.8930,0.1547
MANGA,4,S,costura,30,-1.2641,0.0967
MANGA,4,S,costura,31,-0.6326,0.0464
MANGA,4,S,costura,32,0.0000,0.0000
MANGA,4,S,costura,33,0.6194,0.0781
MANGA,4,S,costura,34,1.2374,0.1601
MANGA,4,S,costura,35,1.8526,0.2499
MANGA,4,S,costura,36,2.4637,0.3513
MANGA,4,S,costura,37,3.0691,0.4682
MANGA,4,S,costura,38,3.6676,0.6045
MANGA,4,S,costura,39,4.2577,0.7641
MANGA,4,S,costura,40,4.8380,0.9509
MANGA,4,S,costura,41,5.4073,1.1681
MANGA,4,S,costura,42,5.9659,1.4147
MANGA,4,S,costura,43,6.5143,1.6877
MANGA,4,S,costura,44,7.0535,1.9842
MANGA,4,S,costura,45,7.5840,2.3011
MANGA,4,S,costura,46,8.1067,2.6356
MANGA,4,S,costura,47,8.6223,2.9845
MANGA,4,S,costura,48,9.1316,3.3451
MANGA,4,S,costura,49,9.6353,3.7142
MANGA,4,S,costura,50,10.1341,4.0890
MANGA,4,S,costura,51,10.6287,4.4667
MANGA,4,S,costura,52,11.1189,4.8473
MANGA,4,S,costura,53,11.6041,5.2315
MANGA,4,S,costura,54,12.0839,5.6202
MANGA,4,S,costura,55,12.5577,6.0141
MANGA,4,S,costura,56,13.0249,6.4142
MANGA,4,S,costura,57,13.4850,6.8212
MANGA,4,S,costura,58,13.9376,7.2360
MANGA,4,S,costura,59,14.3819,7.6595
MANGA,4,S,costura,60,14.8176,8.0924
MANGA,4,S,costura,61,15.2444,8.5351
MANGA,4,S,costura,62,15.6641,8.9857
MANGA,4,S,costura,63,16.0792,9.4415
MANGA,4,S,costura,64,16.4919,9.9000
MANGA,4,S,costura,65,12.0000,60.0000
MANGA,4,S,costura,66,-12.0000,60.0000
MANGA,4,S,corte,0,-12.9144,61.0000
MANGA,4,S,corte,1,12.9144,61.0000
MANGA,4,S,corte,2,17.5269,9.5550
MANGA,4,S,corte,3,16.8205,8.7704
MANGA,4,S,corte,4,16.3997,8.3082
MANGA,4,S,corte,5,15.9702,7.8472
MANGA,4,S,corte,6,15.5300,7.3906
MANGA,4,S,corte,7,15.0794,6.9428
MANGA,4,S,corte,8,14.6204,6.5054
MANGA,4,S,corte,9,14.1543,6.0781
MANGA,4,S,corte,10,13.6815,5.6598
MANGA,4,S,corte,11,13.2026,5.2498
MANGA,4,S,corte,12,12.7184,4.8472
MANGA,4,S,corte,13,12.2293,4.4509
MANGA,4,S,corte,14,11.7359,4.0603
MANGA,4,S,corte,15,11.2388,3.6744
MANGA,4,S,corte,16,10.7379,3.2919
MANGA,4,S,corte,17,10.2312,2.9111
MANGA,4,S,corte,18,9.7161,2.5336
MANGA,4,S,corte,19,9.1915,2.1623
MANGA,4,S,corte,20,8.6565,1.8002
MANGA,4,S,corte,21,8.1100,1.4505
MANGA,4,S,corte,22,7.5510,1.1165
MANGA,4,S,corte,23,6.9783,0.8016
MANGA,4,S,corte,24,6.3909,0.5092
MANGA,4,S,corte,25,5.7878,0.2430
MANGA,4,S,corte,26,5.1696,0.0071
MANGA,4,S,corte,27,4.5416,-0.1950
MANGA,4,S,corte,28,3.9093,-0.3660
MANGA,4,S,corte,29,3.2750,-0.5105
MANGA,4,S,corte,30,2.6403,-0.6331
MANGA,4,S,corte,31,2.0067,-0.7382
MANGA,4,S,corte,32,1.3754,-0.8303
MANGA,4,S,corte,33,0.7477,-0.9136
MANGA,4,S,corte,34,0.0262,-1.0046
MANGA,4,S,corte,35,-0.7089,-0.9507
MANGA,4,S,corte,36,-1.3497,-0.8997
MANGA,4,S,corte,37,-1.9942,-0.8402
MANGA,4,S,corte,38,-2.6415,-0.7682
MANGA,4,S,corte,39,-3.2903,-0.6792
MANGA,4,S,corte,40,-3.9394,-0.5690
MANGA,4,S,corte,41,-4.5875,-0.4328
MANGA,4,S,corte,42,-5.2331,-0.2660
MANGA,4,S,corte,43,-5.8719,-0.0647
MANGA,4,S,corte,44,-6.4982,0.1702
MANGA,4,S,corte,45,-7.1096,0.4345
MANGA,4,S,corte,46,-7.7066,0.7248
MANGA,4,S,corte,47,-8.2902,1.0376
MANGA,4,S,corte,48,-8.8612,1.3698
MANGA,4,S,corte,49,-9.4205,1.7183
MANGA,4,S,corte,50,-9.9690,2.0799
MANGA,4,S,corte,51,-10.5075,2.4517
MANGA,4,S,corte,52,-11.0369,2.8308
MANGA,4,S,corte,53,-11.5587,3.2150
MANGA,4,S,corte,54,-12.0759,3.6047
MANGA,4,S,corte,55,-12.5891,4.0031
MANGA,4,S,corte,56,-13.0965,4.4126
MANGA,4,S,corte,57,-13.5959,4.8349
MANGA,4,S,corte,58,-14.0849,5.2723
MANGA,4,S,corte,59,-14.5613,5.7266
MANGA,4,S,corte,60,-15.0226,6.1999
MANGA,4,S,corte,61,-15.4663,6.6943
MANGA,4,S,corte,62,-15.8891,7.2111
MANGA,4,S,corte,63,-16.2854,7.7464
MANGA,4,S,corte,64,-16.6552,8.2896
MANGA,4,S,corte,65,-17.0044,8.8328
MANGA,4,S,corte,66,-17.5179,9.6550
MANGA,4,S,corte,67,-12.9144,61.0000
PUNO,5,S,costura,0,0.0000,0.8000
PUNO,5,S,costura,1,0.0154,0.6439
PUNO,5,S,costura,2,0.0609,0.4939
PUNO,5,S,costura,3,0.1348,0.3555
PUNO,5,S,costura,4,0.2343,0.2343
PUNO,5,S,costura,5,0.3555,0.1348
PUNO,5,S,costura,6,0.4939,0.0609
PUNO,5,S,costura,7,0.6439,0.0154
PUNO,5,S,costura,8,0.8000,0.0000
PUNO,5,S,costura,9,22.2000,0.0000
PUNO,5,S,costura,10,22.3561,0.0154
PUNO,5,S,costura,11,22.5061,0.0609
PUNO,5,S,costura,12,22.6445,0.1348
PUNO,5,S,costura,13,22.7657,0.2343
PUNO,5,S,costura,14,22.8652,0.3555
PUNO,5,S,costura,15,22.9391,0.4939
PUNO,5,S,costura,16,22.9846,0.6439
PUNO,5,S,costura,17,23.0000,0.8000
PUNO,5,S,costura,18,23.0000,11.2000
PUNO,5,S,costura,19,22.9846,11.3561
PUNO,5,S,costura,20,22.9391,11.5061
PUNO,5,S,costura,21,22.8652,11.6445
PUNO,5,S,costura,22,22.7657,11.7657
PUNO,5,S,costura,23,22.6445,11.8652
PUNO,5,S,costura,24,22.5061,11.9391
PUNO,5,S,costura,25,22.3561,11.9846
PUNO,5,S,costura,26,22.2000,12.0000
PUNO,5,S,costura,27,0.8000,12.0000
PUNO,5,S,costura,28,0.6439,11.9846
PUNO,5,S,costura,29,0.4939,11.9391
PUNO,5,S,costura,30,0.3555,11.8652
PUNO,5,S,costura,31,0.2343,11.7657
PUNO,5,S,costura,32,0.1348,11.6445
PUNO,5,S,costura,33,0.0609,11.5061
PUNO,5,S,costura,34,0.0154,11.3561
PUNO,5,S,costura,35,0.0000,11.2000
PUNO,5,S,corte,0,-1.0000,11.2491
PUNO,5,S,corte,1,-0.9702,11.5521
PUNO,5,S,corte,2,-0.8675,11.8907
PUNO,5,S,corte,3,-0.7007,12.2027
PUNO,5,S,corte,4,-0.4762,12.4762
PUNO,5,S,corte,5,-0.2027,12.7007
PUNO,5,S,corte,6,0.1093,12.8675
PUNO,5,S,corte,7,0.4479,12.9702
PUNO,5,S,corte,8,0.7509,13.0000
PUNO,5,S,corte,9,22.2491,13.0000
PUNO,5,S,corte,10,22.5521,12.9702
PUNO,5,S,corte,11,22.8907,12.8675
PUNO,5,S,corte,12,23.2027,12.7007
PUNO,5,S,corte,13,23.4762,12.4762
PUNO,5,S,corte,14,23.7007,12.2027
PUNO,5,S,corte,15,23.8675,11.8907
PUNO,5,S,corte,16,23.9702,11.5521
PUNO,5,S,corte,17,24.0000,11.2491
PUNO,5,S,corte,18,24.0000,0.7509
PUNO,5,S,corte,19,23.9702,0.4479
PUNO,5,S,corte,20,23.8675,0.1093
PUNO,5,S,corte,21,23.7007,-0.2027
PUNO,5,S,corte,22,23.4762,-0.4762
PUNO,5,S,corte,23,23.2027,-0.7007
PUNO,5,S,corte,24,22.8907,-0.8675
PUNO,5,S,corte,25,22.5521,-0.9702
PUNO,5,S,corte,26,22.2491,-1.0000
PUNO,5,S,corte,27,0.7509,-1.0000
PUNO,5,S,corte,28,0.4479,-0.9702
PUNO,5,S,corte,29,0.1093,-0.8675
PUNO,5,S,corte,30,-0.2027,-0.7007
PUNO,5,S,corte,31,-0.4762,-0.4762
PUNO,5,S,corte,32,-0.7007,-0.2027
PUNO,5,S,corte,33,-0.8675,0.1093
PUNO,5,S,corte,34,-0.9702,0.4479
PUNO,5,S,corte,35,-1.0000,0.7509
PUNO,5,S,corte,36,-1.0000,11.2491
TAPETA MANGA,6,S,costura,0,0.0000,0.4000
TAPETA MANGA,6,S,costura,1,0.0077,0.3220
TAPETA MANGA,6,S,costura,2,0.0304,0.2469
TAPETA MANGA,6,S,costura,3,0.0674,0.1778
TAPETA MANGA,6,S,costura,4,0.1172,0.1172
TAPETA MANGA,6,S,costura,5,0.1778,0.0674
TAPETA MANGA,6,S,costura,6,0.2469,0.0304
TAPETA MANGA,6,S,costura,7,0.3220,0.0077
TAPETA MANGA,6,S,costura,8,0.4000,0.0000
TAPETA MANGA,6,S,costura,9,11.6000,0.0000
TAPETA MANGA,6,S,costura,10,11.6780,0.0077
TAPETA MANGA,6,S,costura,11,11.7531,0.0304
TAPETA MANGA,6,S,costura,12,11.8222,0.0674
TAPETA MANGA,6,S,costura,13,11.8828,0.1172
TAPETA MANGA,6,S,costura,14,11.9326,0.1778
TAPETA MANGA,6,S,costura,15,11.9696,0.2469
TAPETA MANGA,6,S,costura,16,11.9923,0.3220
TAPETA MANGA,6,S,costura,17,12.0000,0.4000
TAPETA MANGA,6,S,costura,18,12.0000,2.6000
TAPETA MANGA,6,S,costura,19,11.9923,2.6780
TAPETA MANGA,6,S,costura,20,11.9696,2.7531
TAPETA MANGA,6,S,costura,21,11.9326,2.8222
TAPETA MANGA,6,S,costura,22,11.8828,2.8828
TAPETA MANGA,6,S,costura,23,11.8222,2.9326
TAPETA MANGA,6,S,costura,24,11.7531,2.9696
TAPETA MANGA,6,S,costura,25,11.6780,2.9923
TAPETA MANGA,6,S,costura,26,11.6000,3.0000
TAPETA MANGA,6,S,costura,27,0.4000,3.0000
TAPETA MANGA,6,S,costura,28,0.3220,2.9923
TAPETA MANGA,6,S,costura,29,0.2469,2.9696
TAPETA MANGA,6,S,costura,30,0.1778,2.9326
TAPETA MANGA,6,S,costura,31,0.1172,2.8828
TAPETA MANGA,6,S,costura,32,0.0674,2.8222
TAPETA MANGA,6,S,costura,33,0.0304,2.7531
TAPETA MANGA,6,S,costura,34,0.0077,2.6780
TAPETA MANGA,6,S,costura,35,0.0000,2.6000
TAPETA MANGA,6,S,corte,0,-1.0000,2.6491
TAPETA MANGA,6,S,corte,1,-0.9778,2.8741
TAPETA MANGA,6,S,corte,2,-0.8979,3.1376
TAPETA MANGA,6,S,corte,3,-0.7681,3.3805
TAPETA MANGA,6,S,corte,4,-0.5934,3.5934
TAPETA MANGA,6,S,corte,5,-0.3805,3.7681
TAPETA MANGA,6,S,corte,6,-0.1376,3.8979
TAPETA MANGA,6,S,corte,7,0.1259,3.9778
TAPETA MANGA,6,S,corte,8,0.3509,4.0000
TAPETA MANGA,6,S,corte,9,11.6491,4.0000
TAPETA MANGA,6,S,corte,10,11.8741,3.9778
TAPETA MANGA,6,S,corte,11,12.1376,3.8979
TAPETA MANGA,6,S,corte,12,12.3805,3.7681
TAPETA MANGA,6,S,corte,13,12.5934,3.5934
TAPETA MANGA,6,S,corte,14,12.7681,3.3805
TAPETA MANGA,6,S,corte,15,12.8979,3.1376
TAPETA MANGA,6,S,corte,16,12.9778,2.8741
TAPETA MANGA,6,S,corte,17,13.0000,2.6491
TAPETA MANGA,6,S,corte,18,13.0000,0.3509
TAPETA MANGA,6,S,corte,19,12.9778,0.1259
TAPETA MANGA,6,S,corte,20,12.8979,-0.1376
TAPETA MANGA,6,S,corte,21,12.7681,-0.3805
TAPETA MANGA,6,S,corte,22,12.5934,-0.5934
TAPETA MANGA,6,S,corte,23,12.3805,-0.7681
TAPETA MANGA,6,S,corte,24,12.1376,-0.8979
TAPETA MANGA,6,S,corte,25,11.8741,-0.9778
TAPETA MANGA,6,S,corte,26,11.6491,-1.0000
TAPETA MANGA,6,S,corte,27,0.3509,-1.0000
TAPETA MANGA,6,S,corte,28,0.1259,-0.9778
TAPETA MANGA,6,S,corte,29,-0.1376,-0.8979
TAPETA MANGA,6,S,corte,30,-0.3805,-0.7681
TAPETA MANGA,6,S,corte,31,-0.5934,-0.5934
TAPETA MANGA,6,S,corte,32,-0.7681,-0.3805
TAPETA MANGA,6,S,corte,33,-0.8979,-0.1376
TAPETA MANGA,6,S,corte,34,-0.9778,0.1259
TAPETA MANGA,6,S,corte,35,-1.0000,0.3509
TAPETA MANGA,6,S,corte,36,-1.0000,2.6491
CUELLO,7,S,costura,0,0.0000,0.0000
CUELLO,7,S,costura,1,0.4816,0.0975
CUELLO,7,S,costura,2,0.9632,0.1900
CUELLO,7,S,costura,3,1.4448,0.2775
CUELLO,7,S,costura,4,1.9264,0.3600
CUELLO,7,S,costura,5,2.4080,0.4375
CUELLO,7,S,costura,6,2.8896,0.5100
CUELLO,7,S,costura,7,3.3712,0.5775
CUELLO,7,S,costura,8,3.8528,0.6400
CUELLO,7,S,costura,9,4.3344,0.6975
CUELLO,7,S,costura,10,4.8160,0.7500
CUELLO,7,S,costura,11,5.2976,0.7975
CUELLO,7,S,costura,12,5.7792,0.8400
CUELLO,7,S,costura,13,6.2608,0.8775
CUELLO,7,S,costura,14,6.7424,0.9100
CUELLO,7,S,costura,15,7.2240,0.9375
CUELLO,7,S,costura,16,7.7056,0.9600
CUELLO,7,S,costura,17,8.1872,0.9775
CUELLO,7,S,costura,18,8.6688,0.9900
CUELLO,7,S,costura,19,9.1504,0.9975
CUELLO,7,S,costura,20,9.6320,1.0000
CUELLO,7,S,costura,21,10.1136,0.9975
CUELLO,7,S,costura,22,10.5952,0.9900
CUELLO,7,S,costura,23,11.0768,0.9775
CUELLO,7,S,costura,24,11.5584,0.9600
CUELLO,7,S,costura,25,12.0401,0.9375
CUELLO,7,S,costura,26,12.5217,0.9100
CUELLO,7,S,costura,27,13.0033,0.8775
CUELLO,7,S,costura,28,13.4849,0.8400
CUELLO,7,S,costura,29,13.9665,0.7975
CUELLO,7,S,costura,30,14.4481,0.7500
CUELLO,7,S,costura,31,14.9297,0.6975
CUELLO,7,S,costura,32,15.4113,0.6400
CUELLO,7,S,costura,33,15.8929,0.5775
CUELLO,7,S,costura,34,16.3745,0.5100
CUELLO,7,S,costura,35,16.8561,0.4375
CUELLO,7,S,costura,36,17.3377,0.3600
CUELLO,7,S,costura,37,17.8193,0.2775
CUELLO,7,S,costura,38,18.3009,0.1900
CUELLO,7,S,costura,39,18.7825,0.0975
CUELLO,7,S,costura,40,19.2641,0.0000
CUELLO,7,S,costura,41,20.4641,6.5000
CUELLO,7,S,costura,42,19.2641,4.5000
CUELLO,7,S,costura,43,18.7825,4.5975
CUELLO,7,S,costura,44,18.3009,4.6900
CUELLO,7,S,costura,45,17.8193,4.7775
CUELLO,7,S,costura,46,17.3377,4.8600
CUELLO,7,S,costura,47,16.8561,4.9375
CUELLO,7,S,costura,48,16.3745,5.0100
CUELLO,7,S,costura,49,15.8929,5.0775
CUELLO,7,S,costura,50,15.4113,5.1400
CUELLO,7,S,costura,51,14.9297,5.1975
CUELLO,7,S,costura,52,14.4481,5.2500
CUELLO,7,S,costura,53,13.9665,5.2975
CUELLO,7,S,costura,54,13.4849,5.3400
CUELLO,7,S,costura,55,13.0033,5.3775
CUELLO,7,S,costura,56,12.5217,5.4100
CUELLO,7,S,costura,57,12.0401,5.4375
CUELLO,7,S,costura,58,11.5584,5.4600
CUELLO,7,S,costura,59,11.0768,5.4775
CUELLO,7,S,costura,60,10.5952,5.4900
CUELLO,7,S,costura,61,10.1136,5.4975
CUELLO,7,S,costura,62,9.6320,5.5000
CUELLO,7,S,costura,63,9.1504,5.4975
CUELLO,7,S,costura,64,8.6688,5.4900
CUELLO,7,S,costura,65,8.1872,5.4775
CUELLO,7,S,costura,66,7.7056,5.4600
CUELLO,7,S,costura,67,7.2240,5.4375
CUELLO,7,S,costura,68,6.7424,5.4100
CUELLO,7,S,costura,69,6.2608,5.3775
CUELLO,7,S,costura,70,5.7792,5.3400
CUELLO,7,S,costura,71,5.2976,5.2975
CUELLO,7,S,costura,72,4.8160,5.2500
CUELLO,7,S,costura,73,4.3344,5.1975
CUELLO,7,S,costura,74,3.8528,5.1400
CUELLO,7,S,costura,75,3.3712,5.0775
CUELLO,7,S,costura,76,2.8896,5.0100
CUELLO,7,S,costura,77,2.4080,4.9375
CUELLO,7,S,costura,78,1.9264,4.8600
CUELLO,7,S,costura,79,1.4448,4.7775
CUELLO,7,S,costura,80,0.9632,4.6900
CUELLO,7,S,costura,81,0.4816,4.5975
CUELLO,7,S,costura,82,0.0000,4.5000
CUELLO,7,S,corte,0,0.7795,5.6730
CUELLO,7,S,corte,1,1.2710,5.7623
CUELLO,7,S,corte,2,1.7625,5.8465
CUELLO,7,S,corte,3,2.2541,5.9256
CUELLO,7,S,corte,4,2.7458,5.9996
CUELLO,7,S,corte,5,3.2375,6.0685
CUELLO,7,S,corte,6,3.7292,6.1323
CUELLO,7,S,corte,7,4.2210,6.1911
CUELLO,7,S,corte,8,4.7128,6.2447
CUELLO,7,S,corte,9,5.2046,6.2932
CUELLO,7,S,corte,10,5.6965,6.3366
CUELLO,7,S,corte,11,6.1883,6.3749
CUELLO,7,S,corte,12,6.6803,6.4081
CUELLO,7,S,corte,13,7.1722,6.4362
CUELLO,7,S,corte,14,7.6641,6.4592
CUELLO,7,S,corte,15,8.1561,6.4770
CUELLO,7,S,corte,16,8.6481,6.4898
CUELLO,7,S,corte,17,9.1401,6.4975
CUELLO,7,S,corte,18,9.6320,6.5000
CUELLO,7,S,corte,19,10.1240,6.4975
CUELLO,7,S,corte,20,10.6160,6.4898
CUELLO,7,S,corte,21,11.1080,6.4770
CUELLO,7,S,corte,22,11.5999,6.4592
CUELLO,7,S,corte,23,12.0919,6.4362
CUELLO,7,S,corte,24,12.5838,6.4081
CUELLO,7,S,corte,25,13.0757,6.3749
CUELLO,7,S,corte,26,13.5676,6.3366
CUELLO,7,S,corte,27,14.0595,6.2932
CUELLO,7,S,corte,28,14.5513,6.2447
CUELLO,7,S,corte,29,15.0431,6.1911
CUELLO,7,S,corte,30,15.5349,6.1323
CUELLO,7,S,corte,31,16.0266,6.0685
CUELLO,7,S,corte,32,16.5183,5.9996
CUELLO,7,S,corte,33,17.0099,5.9256
CUELLO,7,S,corte,34,17.5015,5.8465
CUELLO,7,S,corte,35,17.9931,5.7623
CUELLO,7,S,corte,36,18.4846,5.6730
CUELLO,7,S,corte,37,18.7689,5.6184
CUELLO,7,S,corte,38,20.8206,9.0379
CUELLO,7,S,corte,39,21.8759,8.6389
CUELLO,7,S,corte,40,20.0628,-1.1820
CUELLO,7,S,corte,41,18.5890,-0.8836
CUELLO,7,S,corte,42,18.1172,-0.7930
CUELLO,7,S,corte,43,17.6455,-0.7073
CUELLO,7,S,corte,44,17.1738,-0.6265
CUELLO,7,S,corte,45,16.7022,-0.5506
CUELLO,7,S,corte,46,16.2306,-0.4796
CUELLO,7,S,corte,47,15.7591,-0.4135
CUELLO,7,S,corte,48,15.2876,-0.3523
CUELLO,7,S,corte,49,14.8162,-0.2961
CUELLO,7,S,corte,50,14.3448,-0.2447
CUELLO,7,S,corte,51,13.8734,-0.1982
CUELLO,7,S,corte,52,13.4021,-0.1566
CUELLO,7,S,corte,53,12.9308,-0.1199
CUELLO,7,S,corte,54,12.4595,-0.0881
CUELLO,7,S,corte,55,11.9882,-0.0612
CUELLO,7,S,corte,56,11.5170,-0.0392
CUELLO,7,S,corte,57,11.0457,-0.0220
CUELLO,7,S,corte,58,10.5745,-0.0098
CUELLO,7,S,corte,59,10.1033,-0.0025
CUELLO,7,S,corte,60,9.6320,-0.0000
CUELLO,7,S,corte,61,9.1608,-0.0025
CUELLO,7,S,corte,62,8.6896,-0.0098
CUELLO,7,S,corte,63,8.2184,-0.0220
CUELLO,7,S,corte,64,7.7471,-0.0392
CUELLO,7,S,corte,65,7.2759,-0.0612
CUELLO,7,S,corte,66,6.8046,-0.0881
CUELLO,7,S,corte,67,6.3333,-0.1199
CUELLO,7,S,corte,68,5.8620,-0.1566
CUELLO,7,S,corte,69,5.3907,-0.1982
CUELLO,7,S,corte,70,4.9193,-0.2447
CUELLO,7,S,corte,71,4.4479,-0.2961
CUELLO,7,S,corte,72,3.9764,-0.3523
CUELLO,7,S,corte,73,3.5050,-0.4135
CUELLO,7,S,corte,74,3.0334,-0.4796
CUELLO,7,S,corte,75,2.5619,-0.5506
CUELLO,7,S,corte,76,2.0903,-0.6265
CUELLO,7,S,corte,77,1.6186,-0.7073
CUELLO,7,S,corte,78,1.1469,-0.7930
CUELLO,7,S,corte,79,0.6751,-0.8836
CUELLO,7,S,corte,80,0.0000,-1.0203
CUELLO,7,S,corte,81,0.0000,5.5203
CUELLO,7,S,corte,82,0.2881,5.5786
CUELLO,7,S,corte,83,0.7795,5.6730
PIE DE CUELLO,8,S,costura,0,0.0000,0.0000
PIE DE CUELLO,8,S,costura,1,0.5241,0.0780
PIE DE CUELLO,8,S,costura,2,1.0482,0.1520
PIE DE CUELLO,8,S,costura,3,1.5723,0.2220
PIE DE CUELLO,8,S,costura,4,2.0964,0.2880
PIE DE CUELLO,8,S,costura,5,2.6205,0.3500
PIE DE CUELLO,8,S,costura,6,3.1446,0.4080
PIE DE CUELLO,8,S,costura,7,3.6687,0.4620
PIE DE CUELLO,8,S,costura,8,4.1928,0.5120
PIE DE CUELLO,8,S,costura,9,4.7169,0.5580
PIE DE CUELLO,8,S,costura,10,5.2410,0.6000
PIE DE CUELLO,8,S,costura,11,5.7651,0.6380
PIE DE CUELLO,8,S,costura,12,6.2892,0.6720
PIE DE CUELLO,8,S,costura,13,6.8133,0.7020
PIE DE CUELLO,8,S,costura,14,7.3374,0.7280
PIE DE CUELLO,8,S,costura,15,7.8615,0.7500
PIE DE CUELLO,8,S,costura,16,8.3856,0.7680
PIE DE CUELLO,8,S,costura,17,8.9097,0.7820
PIE DE CUELLO,8,S,costura,18,9.4338,0.7920
PIE DE CUELLO,8,S,costura,19,9.9579,0.7980
PIE DE CUELLO,8,S,costura,20,10.4820,0.8000
PIE DE CUELLO,8,S,costura,21,11.0061,0.7980
PIE DE CUELLO,8,S,costura,22,11.5302,0.7920
PIE DE CUELLO,8,S,costura,23,12.0543,0.7820
PIE DE CUELLO,8,S,costura,24,12.5784,0.7680
PIE DE CUELLO,8,S,costura,25,13.1026,0.7500
PIE DE CUELLO,8,S,costura,26,13.6267,0.7280
PIE DE CUELLO,8,S,costura,27,14.1508,0.7020
PIE DE CUELLO,8,S,costura,28,14.6749,0.6720
PIE DE CUELLO,8,S,costura,29,15.1990,0.6380
PIE DE CUELLO,8,S,costura,30,15.7231,0.6000
PIE DE CUELLO,8,S,costura,31,16.2472,0.5580
PIE DE CUELLO,8,S,costura,32,16.7713,0.5120
PIE DE CUELLO,8,S,costura,33,17.2954,0.4620
PIE DE CUELLO,8,S,costura,34,17.8195,0.4080
PIE DE CUELLO,8,S,costura,35,18.3436,0.3500
PIE DE CUELLO,8,S,costura,36,18.8677,0.2880
PIE DE CUELLO,8,S,costura,37,19.3918,0.2220
PIE DE CUELLO,8,S,costura,38,19.9159,0.1520
PIE DE CUELLO,8,S,costura,39,20.4400,0.0780
PIE DE CUELLO,8,S,costura,40,20.9641,0.0000
PIE DE CUELLO,8,S,costura,41,20.9641,3.0000
PIE DE CUELLO,8,S,costura,42,20.4400,3.0780
PIE DE CUELLO,8,S,costura,43,19.9159,3.1520
PIE DE CUELLO,8,S,costura,44,19.3918,3.2220
PIE DE CUELLO,8,S,costura,45,18.8677,3.2880
PIE DE CUELLO,8,S,costura,46,18.3436,3.3500
PIE DE CUELLO,8,S,costura,47,17.8195,3.4080
PIE DE CUELLO,8,S,costura,48,17.2954,3.4620
PIE DE CUELLO,8,S,costura,49,16.7713,3.5120
PIE DE CUELLO,8,S,costura,50,16.2472,3.5580
PIE DE CUELLO,8,S,costura,51,15.7231,3.6000
PIE DE CUELLO,8,S,costura,52,15.1990,3.6380
PIE DE CUELLO,8,S,costura,53,14.6749,3.6720
PIE DE CUELLO,8,S,costura,54,14.1508,3.7020
PIE DE CUELLO,8,S,costura,55,13.6267,3.7280
PIE DE CUELLO,8,S,costura,56,13.1026,3.7500
PIE DE CUELLO,8,S,costura,57,12.5784,3.7680
PIE DE CUELLO,8,S,costura,58,12.0543,3.7820
PIE DE CUELLO,8,S,costura,59,11.5302,3.7920
PIE DE CUELLO,8,S,costura,60,11.0061,3.7980
PIE DE CUELLO,8,S,costura,61,10.4820,3.8000
PIE DE CUELLO,8,S,costura,62,9.9579,3.7980
PIE DE CUELLO,8,S,costura,63,9.4338,3.7920
PIE DE CUELLO,8,S,costura,64,8.9097,3.7820
PIE DE CUELLO,8,S,costura,65,8.3856,3.7680
PIE DE CUELLO,8,S,costura,66,7.8615,3.7500
PIE DE CUELLO,8,S,costura,67,7.3374,3.7280
PIE DE CUELLO,8,S,costura,68,6.8133,3.7020
PIE DE CUELLO,8,S,costura,69,6.2892,3.6720
PIE DE CUELLO,8,S,costura,70,5.7651,3.6380
PIE DE CUELLO,8,S,costura,71,5.2410,3.6000
PIE DE CUELLO,8,S,costura,72,4.7169,3.5580
PIE DE CUELLO,8,S,costura,73,4.1928,3.5120
PIE DE CUELLO,8,S,costura,74,3.6687,3.4620
PIE DE CUELLO,8,S,costura,75,3.1446,3.4080
PIE DE CUELLO,8,S,costura,76,2.6205,3.3500
PIE DE CUELLO,8,S,costura,77,2.0964,3.2880
PIE DE CUELLO,8,S,costura,78,1.5723,3.2220
PIE DE CUELLO,8,S,costura,79,1.0482,3.1520
PIE DE CUELLO,8,S,costura,80,0.5241,3.0780
PIE DE CUELLO,8,S,costura,81,0.0000,3.0000
PIE DE CUELLO,8,S,corte,0,0.9121,4.1427
PIE DE CUELLO,8,S,corte,1,1.4436,4.2137
PIE DE CUELLO,8,S,corte,2,1.9752,4.2806
PIE DE CUELLO,8,S,corte,3,2.5068,4.3435
PIE DE CUELLO,8,S,corte,4,3.0384,4.4023
PIE DE CUELLO,8,S,corte,5,3.5700,4.4571
PIE DE CUELLO,8,S,corte,6,4.1016,4.5078
PIE DE CUELLO,8,S,corte,7,4.6333,4.5545
PIE DE CUELLO,8,S,corte,8,5.1649,4.5971
PIE DE CUELLO,8,S,corte,9,5.6966,4.6357
PIE DE CUELLO,8,S,corte,10,6.2283,4.6701
PIE DE CUELLO,8,S,corte,11,6.7600,4.7006
PIE DE CUELLO,8,S,corte,12,7.2917,4.7270
PIE DE CUELLO,8,S,corte,13,7.8234,4.7493
PIE DE CUELLO,8,S,corte,14,8.3551,4.7675
PIE DE CUELLO,8,S,corte,15,8.8868,4.7817
PIE DE CUELLO,8,S,corte,16,9.4186,4.7919
PIE DE CUELLO,8,S,corte,17,9.9503,4.7980
PIE DE CUELLO,8,S,corte,18,10.4820,4.8000
PIE DE CUELLO,8,S,corte,19,11.0138,4.7980
PIE DE CUELLO,8,S,corte,20,11.5455,4.7919
PIE DE CUELLO,8,S,corte,21,12.0772,4.7817
PIE DE CUELLO,8,S,corte,22,12.6090,4.7675
PIE DE CUELLO,8,S,corte,23,13.1407,4.7493
PIE DE CUELLO,8,S,corte,24,13.6724,4.7270
PIE DE CUELLO,8,S,corte,25,14.2041,4.7006
PIE DE CUELLO,8,S,corte,26,14.7358,4.6701
PIE DE CUELLO,8,S,corte,27,15.2675,4.6357
PIE DE CUELLO,8,S,corte,28,15.7992,4.5971
PIE DE CUELLO,8,S,corte,29,16.3308,4.5545
PIE DE CUELLO,8,S,corte,30,16.8625,4.5078
PIE DE CUELLO,8,S,corte,31,17.3941,4.4571
PIE DE CUELLO,8,S,corte,32,17.9257,4.4023
PIE DE CUELLO,8,S,corte,33,18.4573,4.3435
PIE DE CUELLO,8,S,corte,34,18.9889,4.2806
PIE DE CUELLO,8,S,corte,35,19.5204,4.2137
PIE DE CUELLO,8,S,corte,36,20.0520,4.1427
PIE DE CUELLO,8,S,corte,37,20.5835,4.0677
PIE DE CUELLO,8,S,corte,38,21.9641,3.8622
PIE DE CUELLO,8,S,corte,39,21.9641,-1.1598
PIE DE CUELLO,8,S,corte,40,20.2965,-0.9117
PIE DE CUELLO,8,S,corte,41,19.7798,-0.8387
PIE DE CUELLO,8,S,corte,42,19.2631,-0.7697
PIE DE CUELLO,8,S,corte,43,18.7465,-0.7046
PIE DE CUELLO,8,S,corte,44,18.2298,-0.6435
PIE DE CUELLO,8,S,corte,45,17.7132,-0.5863
PIE DE CUELLO,8,S,corte,46,17.1966,-0.5331
PIE DE CUELLO,8,S,corte,47,16.6801,-0.4838
PIE DE CUELLO,8,S,corte,48,16.1635,-0.4385
PIE DE CUELLO,8,S,corte,49,15.6470,-0.3971
PIE DE CUELLO,8,S,corte,50,15.1304,-0.3597
PIE DE CUELLO,8,S,corte,51,14.6139,-0.3261
PIE DE CUELLO,8,S,corte,52,14.0974,-0.2966
PIE DE CUELLO,8,S,corte,53,13.5809,-0.2710
PIE DE CUELLO,8,S,corte,54,13.0644,-0.2493
PIE DE CUELLO,8,S,corte,55,12.5479,-0.2315
PIE DE CUELLO,8,S,corte,56,12.0315,-0.2177
PIE DE CUELLO,8,S,corte,57,11.5150,-0.2079
PIE DE CUELLO,8,S,corte,58,10.9985,-0.2020
PIE DE CUELLO,8,S,corte,59,10.4820,-0.2000
PIE DE CUELLO,8,S,corte,60,9.9656,-0.2020
PIE DE CUELLO,8,S,corte,61,9.4491,-0.2079
PIE DE CUELLO,8,S,corte,62,8.9326,-0.2177
PIE DE CUELLO,8,S,corte,63,8.4161,-0.2315
PIE DE CUELLO,8,S,corte,64,7.8997,-0.2493
PIE DE CUELLO,8,S,corte,65,7.3832,-0.2710
PIE DE CUELLO,8,S,corte,66,6.8667,-0.2966
PIE DE CUELLO,8,S,corte,67,6.3502,-0.3261
PIE DE CUELLO,8,S,corte,68,5.8336,-0.3597
PIE DE CUELLO,8,S,corte,69,5.3171,-0.3971
PIE DE CUELLO,8,S,corte,70,4.8006,-0.4385
PIE DE CUELLO,8,S,corte,71,4.2840,-0.4838
PIE DE CUELLO,8,S,corte,72,3.7674,-0.5331
PIE DE CUELLO,8,S,corte,73,3.2509,-0.5863
PIE DE CUELLO,8,S,corte,74,2.7342,-0.6435
PIE DE CUELLO,8,S,corte,75,2.2176,-0.7046
PIE DE CUELLO,8,S,corte,76,1.7010,-0.7697
PIE DE CUELLO,8,S,corte,77,1.1843,-0.8387
PIE DE CUELLO,8,S,corte,78,0.6676,-0.9117
PIE DE CUELLO,8,S,corte,79,0.0000,-1.0110
PIE DE CUELLO,8,S,corte,80,0.0000,4.0110
PIE DE CUELLO,8,S,corte,81,0.3806,4.0677
PIE DE CUELLO,8,S,corte,82,0.9121,4.1427
VISTA DELANTERA,9,S,costura,0,-1.7000,9.4000
VISTA DELANTERA,9,S,costura,1,0.0000,9.4000
VISTA DELANTERA,9,S,costura,2,0.2461,9.1835
VISTA DELANTERA,9,S,costura,3,0.4911,8.9661
VISTA DELANTERA,9,S,costura,4,0.7338,8.7468
VISTA DELANTERA,9,S,costura,5,0.9730,8.5248
VISTA DELANTERA,9,S,costura,6,1.2077,8.2991
VISTA DELANTERA,9,S,costura,7,1.4365,8.0688
VISTA DELANTERA,9,S,costura,8,1.6585,7.8329
VISTA DELANTERA,9,S,costura,9,1.8724,7.5907
VISTA DELANTERA,9,S,costura,10,2.0772,7.3412
VISTA DELANTERA,9,S,costura,11,2.2732,7.0846
VISTA DELANTERA,9,S,costura,12,2.4613,6.8218
VISTA DELANTERA,9,S,costura,13,2.6426,6.5534
VISTA DELANTERA,9,S,costura,14,2.8179,6.2802
VISTA DELANTERA,9,S,costura,15,2.9884,6.0031
VISTA DELANTERA,9,S,costura,16,3.1549,5.7227
VISTA DELANTERA,9,S,costura,17,3.3185,5.4399
VISTA DELANTERA,9,S,costura,18,3.4801,5.1554
VISTA DELANTERA,9,S,costura,19,3.6408,4.8700
VISTA DELANTERA,9,S,costura,20,3.8014,4.5845
VISTA DELANTERA,9,S,costura,21,3.9631,4.2995
VISTA DELANTERA,9,S,costura,22,4.1267,4.0160
VISTA DELANTERA,9,S,costura,23,4.2932,3.7346
VISTA DELANTERA,9,S,costura,24,4.4635,3.4560
VISTA DELANTERA,9,S,costura,25,4.6372,3.1800
VISTA DELANTERA,9,S,costura,26,4.8143,2.9064
VISTA DELANTERA,9,S,costura,27,4.9943,2.6351
VISTA DELANTERA,9,S,costura,28,5.1771,2.3658
VISTA DELANTERA,9,S,costura,29,5.3624,2.0983
VISTA DELANTERA,9,S,costura,30,5.5498,1.8325
VISTA DELANTERA,9,S,costura,31,5.7391,1.5680
VISTA DELANTERA,9,S,costura,32,5.9301,1.3048
VISTA DELANTERA,9,S,costura,33,6.1224,1.0427
VISTA DELANTERA,9,S,costura,34,6.3159,0.7813
VISTA DELANTERA,9,S,costura,35,6.5101,0.5205
VISTA DELANTERA,9,S,costura,36,6.7049,0.2602
VISTA DELANTERA,9,S,costura,37,6.9000,0.0000
VISTA DELANTERA,9,S,costura,38,7.9000,0.5000
VISTA DELANTERA,9,S,costura,39,3.9000,12.4000
VISTA DELANTERA,9,S,costura,40,4.3000,68.0000
VISTA DELANTERA,9,S,costura,41,-1.7000,68.0000
VISTA DELANTERA,9,S,corte,0,-2.7000,69.0000
VISTA DELANTERA,9,S,corte,1,5.3072,69.0000
VISTA DELANTERA,9,S,corte,2,4.9012,12.5601
VISTA DELANTERA,9,S,corte,3,9.1249,-0.0056
VISTA DELANTERA,9,S,corte,4,6.6007,-1.2677
VISTA DELANTERA,9,S,corte,5,5.9045,-0.3393
VISTA DELANTERA,9,S,corte,6,5.7088,-0.0777
VISTA DELANTERA,9,S,corte,7,5.5130,0.1851
VISTA DELANTERA,9,S,corte,8,5.3174,0.4495
VISTA DELANTERA,9,S,corte,9,5.1223,0.7154
VISTA DELANTERA,9,S,corte,10,4.9279,0.9833
VISTA DELANTERA,9,S,corte,11,4.7346,1.2533
VISTA DELANTERA,9,S,corte,12,4.5427,1.5255
VISTA DELANTERA,9,S,corte,13,4.3524,1.8003
VISTA DELANTERA,9,S,corte,14,4.1640,2.0778
VISTA DELANTERA,9,S,corte,15,3.9779,2.3583
VISTA DELANTERA,9,S,corte,16,3.7943,2.6419
VISTA DELANTERA,9,S,corte,17,3.6136,2.9289
VISTA DELANTERA,9,S,corte,18,3.4362,3.2192
VISTA DELANTERA,9,S,corte,19,3.2633,3.5114
VISTA DELANTERA,9,S,corte,20,3.0951,3.8029
VISTA DELANTERA,9,S,corte,21,2.9308,4.0926
VISTA DELANTERA,9,S,corte,22,2.7693,4.3796
VISTA DELANTERA,9,S,corte,23,2.6097,4.6632
VISTA DELANTERA,9,S,corte,24,2.4509,4.9426
VISTA DELANTERA,9,S,corte,25,2.2922,5.2170
VISTA DELANTERA,9,S,corte,26,2.1326,5.4858
VISTA DELANTERA,9,S,corte,27,1.9712,5.7481
VISTA DELANTERA,9,S,corte,28,1.8073,6.0034
VISTA DELANTERA,9,S,corte,29,1.6402,6.2508
VISTA DELANTERA,9,S,corte,30,1.4691,6.4900
VISTA DELANTERA,9,S,corte,31,1.2932,6.7202
VISTA DELANTERA,9,S,corte,32,1.1109,6.9423
VISTA DELANTERA,9,S,corte,33,0.9194,7.1591
VISTA DELANTERA,9,S,corte,34,0.7177,7.3735
VISTA DELANTERA,9,S,corte,35,0.5063,7.5862
VISTA DELANTERA,9,S,corte,36,0.2862,7.7979
VISTA DELANTERA,9,S,corte,37,0.0584,8.0093
VISTA DELANTERA,9,S,corte,38,-0.1760,8.2211
VISTA DELANTERA,9,S,corte,39,-0.3776,8.4000
VISTA DELANTERA,9,S,corte,40,-2.7000,8.4000
VISTA DELANTERA,9,S,corte,41,-2.7000,69.0000
BOLSILLO,10,S,costura,0,0.0000,0.0000
BOLSILLO,10,S,costura,1,12.0000,0.0000
BOLSILLO,10,S,costura,2,12.0000,9.7200
BOLSILLO,10,S,costura,3,6.0000,13.5000
BOLSILLO,10,S,costura,4,0.0000,9.7200
BOLSILLO,10,S,corte,0,-1.0000,10.2719
BOLSILLO,10,S,corte,1,6.0000,14.6819
BOLSILLO,10,S,corte,2,13.0000,10.2719
BOLSILLO,10,S,corte,3,13.0000,-1.0000
BOLSILLO,10,S,corte,4,-1.0000,-1.0000
BOLSILLO,10,S,corte,5,-1.0000,10.2719
